code,name
002478,常宝股份
001216,华瓷股份
301195,北路智控
688589,力合微
603617,君禾股份
688391,钜泉科技
301418,协昌科技
300234,开尔新材
300039,上海凯宝
300174,元力股份
603231,索宝蛋白
603527,众源新材
301355,南王科技
300588,熙菱信息
301298,东利机械
603797,联泰环保
301578,辰奕智能
001382,新亚电缆
688420,美腾科技
301028,东亚机械
301175,中科环保
600526,菲达环保
600496,精工钢构
300664,鹏鹞环保
301320,豪江智能
600339,中油工程
688351,微电生理
601866,中远海发
002999,天禾股份
000790,华神科技
301102,兆讯传媒
300590,移为通信
300636,同和药业
002661,克明食品
603075,热威股份
600278,东方创业
600718,东软集团
600512,腾达建设
300021,大禹节水
603329,上海雅仕
301507,民生健康
001378,德冠新材
688571,杭华股份
301469,恒达新材
688718,唯赛勃
002035,华帝股份
603153,上海建科
301520,万邦医药
600713,南京医药
301508,中机认检
301552,科力装备
001324,长青科技
603718,*ST海利
000919,金陵药业
301395,仁信新材
301133,金钟股份
300829,金丹科技
002863,今飞凯达
603321,梅轮电梯
000793,*ST华闻
601528,瑞丰银行
300225,金力泰
688367,工大高科
605162,新中港
688689,银河微电
301083,百胜智能
600222,太龙药业
301113,雅艺科技
300837,浙矿股份
001360,南矿集团
300610,晨化股份
301222,浙江恒威
301515,港通医疗
603012,创力集团
688121,卓然股份
301170,锡南科技
688285,高铁电气
688523,航天环宇
603041,美思德
301019,宁波色母
301386,未来电器
300958,建工修复
002753,永东股份
301098,金埔园林
600168,武汉控股
300800,力合科技
300259,新天科技
301223,中荣股份
600834,申通地铁
300933,中辰股份
601996,丰林集团
002412,汉森制药
301106,骏成科技
300514,友讯达
603066,音飞储存
002788,鹭燕医药
300978,东箭科技
301587,中瑞股份
603190,亚通精工
301539,宏鑫科技
600017,日照港
301588,美新科技
301332,德尔玛
603558,健盛集团
601065,江盐集团
301499,维科精密
300441,鲍斯股份
301329,信音电子
603107,上海汽配
600628,新世界
603055,台华新材
